id,website_url
1,https://github.com/akrobate
2,https://github.com/akrobate
3,https://github.com/akrobate
4,https://github.com/akrobate
5,https://github.com/akrobate
6,https://github.com/akrobate
7,https://github.com/akrobate
8,https://github.com/akrobate
9,https://github.com/akrobate
10,https://github.com/akrobate
11,https://github.com/akrobate
12,https://github.com/akrobate
13,https://github.com/akrobate
14,https://github.com/akrobate
15,https://github.com/akrobate
16,https://github.com/akrobate
17,https://github.com/akrobate
18,https://github.com/akrobate
19,https://github.com/akrobate
20,https://github.com/akrobate
